OrderID,ReleaseDate,DueDate
Order0,2020-05-09,2020-05-11 23:59:59
Order1,2020-05-09,2020-05-11 23:59:59
Order2,2020-05-09,2020-05-11 23:59:59
Order3,2020-05-09,2020-05-11 23:59:59
Order4,2020-05-09,2020-05-11 23:59:59
Order5,2020-05-09,2020-05-11 23:59:59
Order6,2020-05-09,2020-05-11 23:59:59
Order7,2020-05-09,2020-05-11 23:59:59
Order8,2020-05-09,2020-05-11 23:59:59
Order9,2020-05-10,2020-05-11 23:59:59
Order10,2020-05-10,2020-05-11 23:59:59
Order11,2020-05-10,2020-05-11 23:59:59
Order12,2020-05-10,2020-05-12 23:59:59
Order13,2020-05-10,2020-05-12 23:59:59
Order14,2020-05-10,2020-05-12 23:59:59
Order15,2020-05-10,2020-05-12 23:59:59
Order16,2020-05-10,2020-05-12 23:59:59
Order17,2020-05-10,2020-05-12 23:59:59
Order18,2020-05-10,2020-05-12 23:59:59
Order19,2020-05-10,2020-05-12 23:59:59
Order20,2020-05-11,2020-05-12 23:59:59
Order21,2020-05-11,2020-05-12 23:59:59
Order22,2020-05-11,2020-05-13 23:59:59
Order23,2020-05-11,2020-05-13 23:59:59
Order24,2020-05-11,2020-05-13 23:59:59
Order25,2020-05-11,2020-05-13 23:59:59
Order26,2020-05-11,2020-05-13 23:59:59
Order27,2020-05-11,2020-05-13 23:59:59
Order28,2020-05-12,2020-05-14 23:59:59
Order29,2020-05-12,2020-05-14 23:59:59
Order30,2020-05-12,2020-05-14 23:59:59
Order31,2020-05-12,2020-05-14 23:59:59
Order32,2020-05-12,2020-05-14 23:59:59
Order33,2020-05-12,2020-05-14 23:59:59
Order34,2020-05-12,2020-05-14 23:59:59
Order35,2020-05-12,2020-05-14 23:59:59
Order36,2020-05-12,2020-05-14 23:59:59
Order37,2020-05-13,2020-05-14 23:59:59
Order38,2020-05-13,2020-05-14 23:59:59
Order39,2020-05-13,2020-05-15 23:59:59
Order40,2020-05-13,2020-05-15 23:59:59
Order41,2020-05-13,2020-05-15 23:59:59
Order42,2020-05-14,2020-05-15 23:59:59
Order43,2020-05-14,2020-05-15 23:59:59
Order44,2020-05-14,2020-05-15 23:59:59
Order45,2020-05-14,2020-05-15 23:59:59
Order46,2020-05-14,2020-05-15 23:59:59
Order47,2020-05-14,2020-05-15 23:59:59
Order48,2020-05-14,2020-05-16 23:59:59
Order49,2020-05-14,2020-05-16 23:59:59
Order50,2020-05-14,2020-05-16 23:59:59
Order51,2020-05-14,2020-05-16 23:59:59
Order52,2020-05-15,2020-05-16 23:59:59
Order53,2020-05-15,2020-05-17 23:59:59
Order54,2020-05-15,2020-05-17 23:59:59
Order55,2020-05-15,2020-05-17 23:59:59
Order56,2020-05-15,2020-05-17 23:59:59
Order57,2020-05-15,2020-05-17 23:59:59
Order58,2020-05-15,2020-05-17 23:59:59
Order59,2020-05-15,2020-05-17 23:59:59
Order60,2020-05-15,2020-05-17 23:59:59
Order61,2020-05-15,2020-05-17 23:59:59
Order62,2020-05-15,2020-05-17 23:59:59
Order63,2020-05-16,2020-05-17 23:59:59
Order64,2020-05-16,2020-05-18 23:59:59
Order65,2020-05-16,2020-05-18 23:59:59
Order66,2020-05-16,2020-05-18 23:59:59
Order67,2020-05-16,2020-05-18 23:59:59
Order68,2020-05-16,2020-05-18 23:59:59
Order69,2020-05-16,2020-05-19 23:59:59
Order70,2020-05-17,2020-05-19 23:59:59
Order71,2020-05-17,2020-05-19 23:59:59
Order72,2020-05-17,2020-05-19 23:59:59
Order73,2020-05-17,2020-05-19 23:59:59
Order74,2020-05-17,2020-05-19 23:59:59
Order75,2020-05-17,2020-05-19 23:59:59
Order76,2020-05-17,2020-05-19 23:59:59
Order77,2020-05-17,2020-05-19 23:59:59
Order78,2020-05-17,2020-05-19 23:59:59
Order79,2020-05-17,2020-05-19 23:59:59
Order80,2020-05-18,2020-05-19 23:59:59
Order81,2020-05-18,2020-05-19 23:59:59
Order82,2020-05-18,2020-05-19 23:59:59
Order83,2020-05-18,2020-05-20 23:59:59
Order84,2020-05-18,2020-05-20 23:59:59
Order85,2020-05-18,2020-05-20 23:59:59
Order86,2020-05-18,2020-05-20 23:59:59
Order87,2020-05-18,2020-05-20 23:59:59
Order88,2020-05-18,2020-05-20 23:59:59
Order89,2020-05-18,2020-05-20 23:59:59
Order90,2020-05-18,2020-05-20 23:59:59
Order91,2020-05-18,2020-05-20 23:59:59
Order92,2020-05-18,2020-05-20 23:59:59
Order93,2020-05-19,2020-05-20 23:59:59
Order94,2020-05-19,2020-05-21 23:59:59
Order95,2020-05-19,2020-05-21 23:59:59
Order96,2020-05-19,2020-05-21 23:59:59
Order97,2020-05-19,2020-05-21 23:59:59
Order98,2020-05-19,2020-05-21 23:59:59
Order99,2020-05-19,2020-05-21 23:59:59
